2301_audio11.wav,Kenapa fasting di Ramadan itu wajib bagi muslim?
2301_audio12.wav,bagaimana proses visa Saudi untuk umroh dari Indonesia sekarang
2301_audio14.wav,How to prepare dokumen umroh dari Indonesia dengan benar
2301_audio15.wav,Tolong buat checklist persiapan umroh termasuk barang wajib di bawah
2301_audio2.wav,Aku butuh travel umrah simple tapi inklud Madinah visit
2301_audio3.wav,bisa bantu aku menghargai transport dari Jedah ke Madina?
2301_audio4.wav,Explain step by step cara apply visa Saudi dengan benar
2301_audio5.wav,"Ya akhirnya, uri dukung slide ilah jidah alus buan kadim Hal bisa bantu ajida afdal schedule bari halitin mubashiro"
2301_audio6.wav,Uri Du Orange Transport Minjida Ile Madina Gokodan
2302_audio01.wav,Aku mau buk flight kejada minggu depan bisa bantu schedule.
2302_audio02.wav,Aku butuh transfer umrah simpal tapi inklet Madina visit
2302_audio03.wav,Can you help aku arrange transport dari Jeddah ke Medina tomorrow?
2302_audio04.wav,Expand step by step cara apply visa Saudi dengan benar.
2302_audio05.wav,"Ya akhirnya, Uridubuk Flight Ila Jeda Al-Ushbu Al-Khadim hal bila bantu Ajida Afdala Schedul Wari Halatan Mubasirah."
2302_audio06.wav,Uridu orange transport minjida ilam badina hadan
2302_audio11.wav,Kenapa fasting di rambadan itu wajib pagi muslim?
2302_audio14.wav,How to prepare dokumen umroh dari Indonesia dengan benar
2302_audio15.wav,Tolong buat checklist persiapan umrah termasuk barang wajib di bawah.
2302_audio17.wav,"Menurut kamu, belajar bahasa Arab itu susah ga untuk pemula"
2303_audio01.wav,aku mau book flight ke jada minggu depan misalnya bantu schedule
2303_audio02.wav,"Aku butuh travel umrah simple, tapi include Madina Visit"
2303_audio03.wav,Bagaimana bisa membantu orang-orang yang mampu dari Jeddah ke Madina Jumaro?
2303_audio04.wav,explain step by step cara apply visa Saudi dengan benar
2303_audio05.wav,"Ya Achi, Uri du Book Friday, ilah jadah al Usbu Al Kadim, hal bisa bantu Ajida Afdol schedule Warih Latan Mubashira."
2303_audio06.wav,Urdu Orange Transport Minje Dah ilah Madina Khadaudio_file,transcript
2128_audio1.wav,"Ya, al-Qa'i, Uridu buk flag ila Jeddah al-Uzbo al-Kadim hal bisa bantu Ajida Afdal schedule wari hatan Mubashiroh."
2128_audio10.wav,Jelaskan step-by-step cara booking flag kejada secara online.
2128_audio2.wav,Uridu orange transfer minjadah ilah madidah cotton
2128_audio3.wav,Can you help aku orange transport dari Jedah ke Madina tomorrow?
2128_audio4.wav,Explain step by step cara apply visa Saudi dengan benar.
2128_audio5.wav,Aku mau book flag kejendah minggu depan. Bisa bantu schedule?
2128_audio6.wav,"Aku butuh travel umrah simple, tapi inkut malina efisien."
2128_audio7.wav,How to prepare dokumen umrah dari Indonesia dengan benar?
2128_audio8.wav,bagaimana proses pisah Saudi untuk umrah dari Indonesia sekarang?
2128_audio9.wav,Uget aku cara pilih hotel di meka dekat Haram dengan bacet terbatas.
2222_audio1.wav,"Aku mabuk flight ke jada minggu depan, bisa bantu skedul"
2222_audio10.wav,Apa perbedaan umrah dan hajj secara detail dalam Islam?
2222_audio12.wav,Bagaimana proses visa Saudi untuk umrah dari Indonesia sekarang?
2222_audio14.wav,Hal untuk membuat dokumen umrah dari Indonesia dengan benar.
2222_audio2.wav,Aku butuh travel umrah simpel tapi inklud Marina Visit.
2222_audio3.wav,Boleh awak bantu saya menyerang transport dari judah ke Madina esok?
2222_audio4.wav,Explain step by step cara apply visa soldi dengan benar.
2222_audio5.wav,"Ya Aki, urdu buk flag ialah jeda ala sebuah ala kadim. Hal bisa bantu Ajida Aftal, skedul wari halatan Mubashirah."
2222_audio6.wav,Uridu Range Transport Minjeda ilah Medina Roden
2222_audio7.wav,"Book flight kejada lalu lanjut ke Marina, schedule terbaik kapan?"
2301_audio1.wav,aku mau buka fly ke jedah minggu depanan
2303_audio07.wav,Book flight ke Jeddah lalu lanjut ke Madina. Schedul terbaik kapan?
2303_audio13.wav,jelaskan step by step cara booking flight kejada secara online
2303_audio15.wav,tolong buat checklist persiapan umrah termasuk barang wajib di bawah
2303_audio19.wav,"Ahianan, saya bingung mulai dari mana untuk umrah."
2304_audio01.wav,Aku mau book flight kejada minggu depan. Bisa bantu schedule?
2304_audio02.wav,Aku butuh travel umrah simpel tapi inklud madina visit
2304_audio03.wav,Boleh kau bantu saya menghargai transport dari Jedah ke Madinah Tumorau?
2304_audio04.wav,Explain step by step cara apply visa Saudi dengan benar.
2304_audio05.wav,"Ya, Akhi, Uri Dubuk Flight Ila Jedah al-Ustbu al-Qadim. Hal bisa bantu Ajeda of the schedule warih latanmu Basirah."
2304_audio06.wav,Uridu Rengstransport Minceda Ilama Dina Khoden
2304_audio07.wav,"Book flight ke Jeddah lanjut ke Madina, schedule terbaik kapan?"
2304_audio11.wav,Kenapa fasting di romadon itu wajib bagi muslim?
2304_audio15.wav,Tolong buat checklist persiapan umrah termasuk barang nguajib di bawah
2304_audio18.wav,I feel overwhelmed dengan persiapan umroh. Ada tipsi derhana?
2305_audio01.wav,Aku mau book flight kejada minggu depan. Bisa bantu schedule.
2305_audio02.wav,Aku butuh travel umrah simpel tapi inklud mandina visit.
2305_audio03.wav,Can you help aku arrange transport dari Jedah ke Madina tomorrow?
2305_audio04.wav,Explain step by step cara apply visa Saudi dengan benar.
2305_audio05.wav,"Ya akhir, uridu buku flight ilah jeddah al usbual kodim. Hal bisa bantu Ajida Aftol schedule warih laten Mubashirah?"
2305_audio06.wav,Uridu Arrange Transport Minjet Dah ila Madinah Wadan
2305_audio11.wav,Kenapa fasting di romantan itu wajib bagi muslim?
2305_audio12.wav,Bagaimana proses visa Saudi untuk umrah dari Indonesia sekarang?
2305_audio14.wav,How to prepare dokumen umrah dari Indonesia dengan benar.
2305_audio18.wav,I feel overwhelmed dengan persiapan umrah. Ada tip sederhana.
2306_Audio01.wav,"Aku mau buk fly kejadian minggu depan, bisa bentar schedule?"
2306_Audio02.wav,Aku butuh travel umbar simpel tapi inklud madina visit
2306_Audio03.wav,Can you help aku ores transport dari Jadah ke Madina tomorrow?
2306_Audio04.wav,Exfoli step-by-step cara apply visa saudi dengan benar
2306_Audio05.wav,"yaa! oke!uredu,book PHLlike-like lagi sounds extraneous kalau misalnya gaaho Label skating,lerwa Relatat MacBook"
2306_Audio06.wav,Universal World Tour praise me cutah Ilamat dinil headline
2306_Audio11.wav,Kenapa fasting di Ramadan itu wajib beri muslim?
2306_Audio12.wav,bagaimana proses visa saya berdua untuk umrah dari Indonesia sekarang
2306_Audio13.wav,jelaskan step by step cara booking flight kecuda secara online
2306_Audio14.wav,Hau untuk prepare dokumen umrah dari Indonesia dengan benar.
2306_Audio15.wav,tolong buat checklist persiapan umrah termasuk barang wajib di bawah
2307_audio01.wav,Aku mau buka flight ke Jodah minggu depan. Bisa bantu schedule?
2307_audio02.wav,Aku butuh travel umrah simple tapi inklud madina visit
2307_audio03.wav,"Can you help aku arrange transport dari Cedah ke Madina, Tumuru?"
2307_audio04.wav,Explain step by step cara apply visa Saudi dengan benar
2307_audio05.wav,"Ya Aki, urni du buk flight ilah jeddah al-usbu al-qadim. Hal bisa bantu aji tafdal schedule warih rotan mebashi rotan."
2307_audio06.wav,Uridu Orange Transport Minje Dah ila Madina Kodan
2307_audio07.wav,"Book flight ke Jeddah, lalu lanjut ke Madina. Schedul terbaik, kapan?"
2307_audio10.wav,"Apa perbedaan, umrah dan haji secara detail dalam Islam?"
2307_audio15.wav,Tolong buat checklist persiapan umurah termasuk barang wajib di bawah
2307_audio17.wav,"Menurut kamu, belajar bahasa Arab itu susah gak untuk pemula."
2308_audio01.wav,Aku mau book flight ke Jedah minggu depan. Bisa bantu schedule?
2308_audio02.wav,Aku butuh travel umroh simpel tapi inklud madina fisit
2308_audio03.wav,Can you help aku arrange transport dari Jedah ke Madina tomorrow?
2308_audio04.wav,Explain step by step cara apply visa Saudi dengan benar
2308_audio05.wav,"Ya, Akhir, Uridu Book Flight Ila Jeddah al-Usbu Al-Qadim, Hal Bisa Bantu Ajida Afdol Schedul Warihalatan Mubashirah?"
2308_audio06.wav,Uridu Arange Transport Minjedah ilah Madina Hauden
2308_audio12.wav,Bagaimana proses visa Saudi untuk umroh dari Indonesia sekarang?
2308_audio13.wav,Jelaskan step by step cara booking flight ke Jeddah secara online
2308_audio15.wav,Tolong buat checklist persiapan umrah termasuk barang wajib di bawah.
2308_audio17.wav,"Menurut kamu, belajar bahasa Arab itu susah gak untuk pemula"
2309_audio01.wav,Aku mau buk fly ke jadah minggu depan. Bisa bantu schedule.
2309_audio02.wav,Aku butuh travel umrah simple tapi inklud Medina Visit
2309_audio03.wav,Can you help aku arrange transport dari Jeddah ke Madina tomorrow?
2309_audio04.wav,Explain step by step cara apply visa Saudi dengan benar.
2309_audio05.wav,"Ya, Ahi, Wuridu buk flag ilajet dah al-usbu'a al-qadim. Hal bisa bantu Azida Afdal schedule warih latar-mubashirah?"
2309_audio06.wav,Uridu Range Transport Mincedah ilama dinah Wadan
2309_audio08.wav,Uridu schedule trip dari Jedah ke Mekah besok pagi
2309_audio12.wav,bagaimana proses visa Saudi untuk umroh dari Indonesia sekarang?
2309_audio15.wav,Tolong buat checklist persiapan umroh termasuk barang wajib di bawah.
2309_audio17.wav,Menurut kamu belajar bahasa rap itu susah gak untuk pemula?
2310_Audio01.wav,Aku mahu buku fly ke jelah minggu depan. Bisa bantu schedule?
2310_Audio02.wav,Aku butuh travel umrah simple tapi inklud madina visit
2310_Audio03.wav,Boleh bantu saya menghubungkan transport dari Jedah kemarinnya esok?
2310_Audio04.wav,Explain step by step cara apply visa ASAudi dengan benar
2310_Audio05.wav,"Ya Akhir, Puri du buk flag ilah jedah al-Ushbu al-Qadim Hal bisa bantu Ajida Afdal schedule warih latin Mubashiro"
2310_Audio06.wav,Puridu orange transport minggiedah ilah Madinakodan
2310_Audio07.wav,Book flight ke Jeddah lalu lanjut ke Marina. Schedul terbaik kapan?
2310_Audio11.wav,Kenapa fasting di Ramadan itu wajib bagi muslim?
2310_Audio14.wav,How to prepare dokumen umroh dari Indonesia dengan benar.
2310_Audio20.wav,I want to go to America next week.
2311_audio01.wav,Aku mau bootfly ke juta minggu depan. Bisa bantu schedule?
2311_audio02.wav,"Aku butuh travel umur simpel, tapi inklud madina visit"
2311_audio03.wav,bisa bantu aku mengharapkan transport dari jibdah ke Madinah Temuruh?
2311_audio04.wav,Explain step by step cara aflay visa Saudi dengan benar
2311_audio05.wav,"Ya akhir, Uri Du buk fly ilajetlah al usbuale kadim. Hal bisa bantu Ajida Afdal schedule warih latar-mubashirah?"
2311_audio06.wav,Kuri duareng transport Minjeda ilah Madina Holadan
2311_audio09.wav,Mungkin Book Transport min Maka ilama Dina untuk besok
2311_audio12.wav,bagaimana proses visa Saudi untuk umrah dari Indonesia sekarang
2311_audio14.wav,How to prepare dokumen umroh dari Indonesia dengan benar
2311_audio17.wav,Menurut kamu belajar bahasa Arab itu susah nggak untuk pemula
2312_audio1.wav,"Aku mau book flight ke jidah minggu depan, bisa bantu schedule?"
2312_audio11.wav,Kenapa fasting di Ramadan itu wajib pagi muslim?
2312_audio15.wav,Tolong buat checklist persiapan umrah termasuk barang wajib di bawah.
2312_audio19.wav,"Ahyanan, saya bingung mulai dari mana untuk umrah."
2312_audio2.wav,Aku butuh travel umrah simple tapi inkut Madina Visit.
2312_audio20.wav,"Translate ke Inggris, aku mau pergi ke Makkah minggu depan."
2312_audio3.wav,Can you help aku arrange transport dari Jedah ke Madina tomorrow?
2312_audio4.wav,Explain step by step cara apply visa Saudi dengan benar.
2312_audio5.wav,"Ya ahri, Uri Dubuk Flak Ila Jedah al-Ushbun Lkdm hal bisa bantu Ajida Abdel schedule Warihlatan Mubashirah."
2312_audio6.wav,Uridu Arange Transport Minjid Dah ilah Madina Kladan
2312_audio7.wav,Book flight kejadah lalu lanjut ke Madina. Schedule terbaik kapan?
2313_audio01.wav,Aku mau book flight ke jedah minggu depan. Bisa bantu schedule?
2313_audio02.wav,"Aku butuh travel umrah simple, tapi include Madina Visit."
2313_audio03.wav,Can you help aku range transport dari Jedah ke Madina tomorrow?
2313_audio04.wav,Explain step by step cara play visa Saudi dengan benar.
2313_audio05.wav,"Akhir, Uridu Book Fight Illa Jadah Al-Uzbu Al-Kadim hal bisa bantu Ajidah Afdal schedule wari latan Mubashirah"
2313_audio06.wav,"Uri Du, Rage Transport Minjat Dah Ilah Madinah Gadan"
2313_audio07.wav,Book flight ke Jeddah lalu lanjut ke Madina. Schedul terbaik kapan?
2313_audio12.wav,bagaimana proses visa Saudi untuk umrah dari Indonesia sekarang
2313_audio13.wav,jelaskan step by step cara booking flight ke jedah secara online
2313_audio14.wav,How to prefer dokumen umrah dari Indonesia dengan benar
2318_audio01.wav,Aku mau buk fly kejada minggu depan bisa bantu sker dulu.
2318_audio02.wav,Aku butuh travel umrah simple tapi include Madina Visit.
2318_audio03.wav,"Kenyuhab, aku arrange transport dari Jedah ke Madina Tumuru."
2318_audio04.wav,Explain step by step cara apply pisah Saudi dengan benar.
2318_audio05.wav,"Ya ahi, Uridobok flag, ilajedah al-Uzbu al-Kalim, hal bisa bantu Ajida Afdal schedule waril fatan Mubashirah."
2318_audio06.wav,Uridu Arrange Transport Mincedah Ilham Adinah Gadan
2318_audio09.wav,Mungkin buk transport min makah ilah mandina untuk besok.
2318_audio10.wav,Apa perbedaan Umrah dan Hajj secara detail dalam Islam?
2318_audio13.wav,jelaskan step by step cara boking flag kejada secara online
2318_audio19.wav,Akianan saya bingung mulai dari mana untuk umrah.
2319_Audio1.wav,Aku mau buk selai kejendah minggu depan bisa bantu sketul
2319_Audio10.wav,Apa perbedaan umrah dan hajj jara detail dalam Islam?
2319_Audio13.wav,Jelaskan step by step cara booking flight ke jedah secara online.
2319_Audio16.wav,Gain aku cara pilih hotel di mekah dekat haram dengan budget terbatas
2319_Audio19.wav,"ah, ianan saya bingung mulai dari mana untuk umrah"
2319_Audio2.wav,Aku butuh travel umrah simple tapi inklud Medina Visit
2319_Audio3.wav,"telepon tak yang va sous-crowd lebih mak Between delicacy ,apakah эксп penyer jornam Keburu knit"
2319_Audio4.wav,Explain step by step cara apply visa Saudi dengan benar.
2319_Audio5.wav,"Ya akhirnya, Uri dubuk flea ilajid dah elu sebuah al-kadim. Hal bisa bantu ajida afdlaskedu warilatam mubashirah."
2319_Audio6.wav,Urido Arrange Transport Minje Dah ilama Dina Khwadan
2323_audio01.wav,Aku mau book flight ke jadah minggu depan. Bisa bantu schedule?
2323_audio02.wav,"Aku butuh travel umrah simple, tapi include Madina Visit."
2323_audio03.wav,Can you help aku arrange transport dari Jeddah ke Madina tomorrow?
2323_audio04.wav,Explain step by step cara apply visa Saudi dengan benar.
2323_audio05.wav,ʻYā ʻākhī ʻūrī ʻdubuk ʻflak ʻela ʻjadah ʻal ʻusbū ʻal qadim ʻhal bisa bantu ʻajida ʻafdal ʻsqeidul ʻwārih ʻletan ʻmubā ʻshirah
2323_audio06.wav,URIDO arrange transport minjad dah ilah Madina Khodun
2323_audio13.wav,jelaskan step by step cara booking flight kejada secara online.
2323_audio14.wav,How to prepare dokumen umrah dari Indonesia dengan benar.
2323_audio15.wav,Tolong buat checklist persiapan umrah termasuk barang wajib di bawah.
2323_audio16.wav,Guide aku cara pilih hotel di Makkah dekat Haram dengan budget terbatas.
2323_audio18.wav,I will overwhelm dengan persiapan umrah. Ada tips sederhana?
2325_audio1.wav,Aku mau buk flag kejada minggu depan bisa berada schedule.
2325_audio10.wav,I feel overwhelmed dengan persiapan umbra. Ada tips sederhana.
2325_audio2.wav,Aku butuh travel umrah simple tapi inklo dengan dina fizik.
2325_audio3.wav,Can you help aku arrange transport dari Jedah ke Marina tomorrow?
2325_audio4.wav,Explain step by step cara apply visa Saudi dengan benar.
2325_audio5.wav,"Ya kami, 불ain, bekflak bercanda WO raisedam mourning Adakah<|tr|>into ibu FlaFlaLk per angka f Global Sc plotted oral Asom yang dihappkan VSI"
2325_audio6.wav,Uri du orange transport menjetah ilam Adina Kadan
2325_audio7.wav,"Book flag kejejadah lalu lanjut ke Madina, schedule terbaik apalagi."
2325_audio8.wav,Apapun beda umrah dan haj secara detail dalam Islam.
2325_audio9.wav,How to prepare dokumen umrah dari Indonesia dengan benar?
2326_audio01.wav,"Aku mau buat flight ke jadah minggu depan, bisa bantu sekali dulu"
2326_audio02.wav,Aku butuh travel umrah simple tapi include Madina Visit
2326_audio03.wav,Boleh bantu saya menghubungkan transport dari cedah ke Madinah esok?
2326_audio04.wav,Explan step by step cara play visa Saudi dengan benar.
2326_audio05.wav,"Ya ahli, urdu buk flag ilah jedah al-Ushbu al-Qadim Hal bisa bantu Ajida Afdal schedule warih latan Mubashiroh"
2326_audio06.wav,Orido Rancetang Spot Mincedah Ilam Adina Khwadan
2326_audio07.wav,Book flight ke Jeddah lalu lanjut ke Madinah. Schedule terbaik kapan?
2326_audio11.wav,kenapa fasting di romadan itu wajib bagi muslim?
2326_audio13.wav,jelaskan step by step cara booking flight kecedah secara online
2326_audio17.wav,menurut kamu belajar bahasa rap itu susah gak untuk pemula
2330_audio01.wav,Aku mau book flight ke jedah minggu depan. Bisa bantu schedule?
2330_audio02.wav,Aku butuh travel umrah simple tapi inklud madina visit.
2330_audio03.wav,Can you help aku arrange transport dari Jedah ke Madina tomorrow?
2330_audio04.wav,Explain step by step cara apply visa Saudi dengan benar.
2330_audio05.wav,ia akhir urdu buk flag ilah jeda al-usbu al-kadim. Hal bisa bantu ajeda afdal schedule warilatan mubashirah.
2330_audio06.wav,Uridu Range Transport Minjenda Ile Madina Gadan
2330_audio07.wav,Book flag kejada lalu lanjut ke Madina. Schedul terbaik kapan?
2330_audio12.wav,bagaimana proses visa Saudi untuk umbrah dari Indonesia sekarang?
2330_audio14.wav,How to prepare dokumen umrah dari Indonesia dengan benar
2330_audio15.wav,tolong buat checklist persiapan umroh termasuk barang wajib di bawah
2330_audio17.wav,"Menurut kamu, belajar basah rap itu susah gak untuk pemula?"
2331_audio01.wav,"Aku mau book flight ke jedah minggu depan, bisa bantu schedule?"
2331_audio02.wav,"Aku butuh travel umrah simpel, tapi inkut Madina Visit"
2331_audio03.wav,"Can you help aku? Arrange transport dari Jedah ke Madinah, tomorrow?"
2331_audio04.wav,Explain step by step cara apply visa Saudi dengan benar
2331_audio05.wav,"Ya ahi, urdu book flight ilah jedah alus bual kadim. Hal bisa bantu ajida after schedule warilatan Mubashira."
2331_audio06.wav,Uridu Erinstransport Mincedah ilah Madina Hagadan
2331_audio10.wav,Apa perbedaan umrah dan haji secara detail dalam Islam?
2331_audio12.wav,bagaimana proses visa Saudi untuk umrah dari Indonesia sekarang.
2331_audio15.wav,tolong buat checklist persiapan umrah termasuk barang wajib di bawah
2331_audio17.wav,"Menurut kamu, belajar bahasa harap itu susah gak untuk pemula"
2332_audio01.wav,Aku mau book flight kecedah minggu depan. Bisa bantu schedule?
2332_audio02.wav,Aku butuh travel umrah simpel tapi inklud madinah visit.
2332_audio03.wav,Can you help aku arrange transport dari Jedah ke Madina tomorrow?
2332_audio04.wav,Explain step by step cara apply visa Saudi dengan benar.
2332_audio05.wav,"Ya Akhir, Uridu Book Flight Ila Jedah al-Ushbuhan Kadim hal bisa bantu Ajda Afdal schedule Warih latan Mubashirah."
2332_audio06.wav,Uritu Arrange Transport Min Jedah ilah Madinah Gadhan.
2332_audio07.wav,Book flight ke Jedah lalu lanjut ke Madina. Schedul terbaik kapan?
2332_audio13.wav,Jelaskan step by step cara booking flight ke Jedah secara online.
2332_audio16.wav,Guide aku cara pilih hotel di Makkah dekat Haram dengan budget terbatas.
2332_audio18.wav,I feel overwhelmed dengan persiapan umrah. Ada tips sederhana?
2333_audio01.wav,Aku mau book fry kejada minggu depan. Bisa bantu schedule?
2333_audio02.wav,Aku butuh travel umrah simple tapi input Madina Visit.
2333_audio03.wav,Can you help me arrange transport dari Jeddah ke Madina tomorrow?
2333_audio04.wav,Explain step by step cara apply visa Saudi dengan benar.
2333_audio05.wav,"Ya Aki, Ridu Buklaik Ila Jeda Al Usbual Kodim. Hal bisa bantu Ajeda Afdal schedule warih latam Mubashiroh."
2333_audio06.wav,Oridu Arrange Transport Minjeda ilah Madina Wadan
2333_audio07.wav,Book flight ke Jeddah lalu lanjut ke Madina. Schedul terbaik kapan?
2333_audio09.wav,Mungkin buk transport minmakah ilama dina untuk besok
2333_audio16.wav,"Guide aku cara pilih hotel di mekah, dekat haram dengan budget terbatas"
2333_audio17.wav,Menurut kamu belajar bahasa Arab itu susah nggak untuk pemula
2334_audio01.wav,Aku mau buk flight ke Jedah minggu depan. Bisa bantu schedule?
2334_audio02.wav,"Aku butuh travel umurah, simple, tapi include Madina Visit"
2334_audio03.wav,"Can you help aku, orange, transport dari cedah ke Madina, tomorrow?"
2334_audio04.wav,Explain step by step cara apply visa Saudi dengan benar.
2334_audio05.wav,"Ya Aki, Uridu, buk fly, ilajet dah al-usbu al-kadim, hal bisa bantu Azida Afbal schedule warih latar Mubashurah?"
2334_audio06.wav,Uridu Orange Transport Minjit Dah ila Medina Haudan
2334_audio07.wav,"Book flight ke Jeddah lalu lanjut ke Madina, schedule terbaik kapan?"
2334_audio08.wav,Bagaimana proses visa Saudi untuk umroh dari Indonesia sekarang?
2334_audio09.wav,How to prepare dokumen umrah dari Indonesia dengan benar
2334_audio10.wav,"Menurut kamu, belajar bahasa Arab itu susah gak untuk pemula?"
2335_audio01.wav,Aku mau book flag kejada minggu depan. Bisa bantu schedule?
2335_audio02.wav,Aku butuh truffle umur simpel tapi inkload Madina Visit.
2335_audio03.wav,Boleh bantu saya mengubah transport dari Jeddah ke Madina esok?
2335_audio04.wav,Explain step by step cara apply visa Saudi dengan benar.
2335_audio05.wav,"Ya Aki, Uridu buk fly ilajet dahal usbu al-qadim. Hal bisa bantu Ajida Afdal schedule warih latan mubashirah."
2335_audio06.wav,ʻUrīdū ʻAryns ʻTranspor ʻMiljiddah ʻIlamadina Qodal
2335_audio12.wav,bagaimana proses visa Saudi untuk umur dari Indonesia sekarang
2335_audio13.wav,Jelaskan step by step cara booking flight ke jada secara online.
2335_audio14.wav,How to prepare dokumen umrah dari Indonesia dengan benar
2335_audio15.wav,Tolong buat checklist persiapan umrah termasuk barang wajib di bawah.
2335_audio17.wav,"Menurut kamu, belajar bahasa Arab itu susah gak untuk pemula."
2336_audio01.wav,Aku mahu book flight kerja dah minggu depan. Bisa bantu schedule?
2336_audio02.wav,Aku butuh travel umroh simple tapi inklud madina fisit.
2336_audio03.wav,Can you help aku arrange transport dari Jeddah ke Madina tomorrow?
2336_audio04.wav,Explain step by step cara apply visa Saudi dengan benar.
2336_audio05.wav,"Ya Akhir, Uridu Book Flight ilah Jeddah al-Ushbu Al-Qadim. Hal bisa bantu Ajida Afdal schedule Wari Hulatan Mubashirah?"
2336_audio06.wav,URIDU ARANGE TRANSPORT MINJEDAH ILA MADINA AGADAN
2336_audio07.wav,Book flight ke Jeddah lalu lanjut ke Madina. Schedule terbaik kapan?
2336_audio10.wav,Apakah perbedaan Umrah dan Hajj secara detail dalam Islam?
2336_audio15.wav,Tolong buat checklist persiapan umroh termasuk barang wajib dibawah.
2336_audio17.wav,"Menurut kamu, belajar bahasa Arab itu susah gak untuk pemula?"
2337_audio01.wav,Aku mahu buku fly ke jedah minggu depan. Bisa bantu schedule?
2337_audio02.wav,Aku butuh travel umroh simpel tapi include Madina Visit.
2337_audio03.wav,Can you help aku arrange transport dari Jeddah ke Madina tomorrow?
2337_audio04.wav,Explain step by step cara apply visa Saudi dengan benar.
2337_audio05.wav,"Ya, Aki, Uridu, Book Flag, Ila Jeddah al-Uzbu Al-Kodim, hal bisa bantu Ajida Afdal schedule Warihalatan Mubashirah."
2337_audio06.wav,Urdu Arrange Transport Minjidah ilah Madina Wadan
2337_audio07.wav,"Book flight ke Jeddah lalu lanjut ke Madina, schedule terbaik kapan?"
2337_audio13.wav,jelaskan step by step cara booking flight ke jada secara online
2337_audio14.wav,How to prepare dokumen umrah dari Indonesia dengan benar
2337_audio18.wav,I feel overwhelmed dengan persiapan umroh. Ada tip sederhana
2338_audio01.wav,"Aku mau book flight ke Jeddah minggu depan, bisa bantu schedule."
2338_audio02.wav,Aku butuh travel umrah simple tapi inkut mandina visit
2338_audio03.wav,Can you help aku arrange transport dari Jodah ke Madina tomorrow?
2338_audio04.wav,Explain step by step cara apply visa Saudi dengan benar.
2338_audio05.wav,"Ya akhirnya, Uridu Book Flight Ila Jirdah al-Uzbu Al-Kodim hal bisa bantu Ajira Afdwal schedule Warih Watan Mubashiro"
2338_audio06.wav,Uri du arrange transport Minjik Dah Yula Madina Hogan
2338_audio12.wav,Bagaimana proses visa Saudi untuk umrah dari Indonesia sekarang?
2338_audio13.wav,Jelaskan step by step cara booking flight kejada secara online.
2338_audio15.wav,Tolong buat checklist persiapan umrah termasuk barang wajib di bawah.
2338_audio17.wav,"Menurut kamu, belajar bahasa Arab itu susah ga untuk pemula?"
2339_audio01.wav,Aku mahu buka fly ke Jeddah minggu depan. Bisa bantu schedule?
2339_audio02.wav,Aku butuh travel umroh simple tapi inklud madina visit
2339_audio03.wav,Can you help aku arrange transport dari Jeddah ke Madina tomorrow?
2339_audio04.wav,Explain step by step cara apply visa Saudi dengan benar.
2339_audio05.wav,"Ya ahri, Uridu bootflike ila Jeddah al-Uzbu al-Kadim. Hal bisa bantu Ajida Afdol schedule Warih Latin Mubashiroh."
2339_audio06.wav,Kuridu Range Transport Minjet Dah ilah Madinah Gwadan
2339_audio07.wav,"Book flight ke Jeddah, lalu lanjut ke Madina, schedule terbaik apan?"
2339_audio11.wav,Kenapa fasting di Ramadan itu wajib bagi muslim?
2339_audio14.wav,How to prepare dokumen umrah dari Indonesia dengan benar.
2339_audio19.wav,"Ah Yanan saya bingung, mulai dari mana untuk umrah?"
2341_audio01(1).wav,Aku mau book flight ke jada minggu depan bisa bantu schedule?
2341_audio01.wav,Aku mau book flight ke jada minggu depan bisa bantu schedule?
2341_audio02(1).wav,aku butuh travel umrah simpel tapi inkot madina fisip
2341_audio02.wav,aku butuh travel umrah simpel tapi inkot madina fisip
2341_audio03(1).wav,Boleh bantu saya menghubungi transport dari Jodah ke Madina esok?
2341_audio03.wav,Boleh bantu saya menghubungi transport dari Jodah ke Madina esok?
2341_audio04(1).wav,explain step by step cara apply visa saudi dengan benar
2341_audio04.wav,Explain step by step cara melakukannya bisa seluruh hidup dengan benar
2341_audio05(1).wav,"Ya akhirnya, boleh dukung flight ilah jodah al-Ushbu Angka Dimm Hal bisa bantu Ajeda Afdal skujul bari halatan Mubashir Wah"
2341_audio05.wav,"Ya akhirnya, boleh dukung flight ilah jodah al-Ushbu Angka Dimm Hal bisa bantu Ajeda Afdal skujul bari halatan Mubashir Wah"
2341_audio06(1).wav,Uridu Orange Transport mencedah ilama dinah ladan
2341_audio06.wav,Uridu Orange Transport mencedah ilama dinah ladan
2341_audio07(1).wav,"Book flight kejadian lalu lanjut ke Madina, schedule terbaik kapan?"
2341_audio07.wav,"Book flight kejadian lalu lanjut ke Madina, schedule terbaik kapan?"
2341_audio08(1).wav,bagaimana proses visa Saudi untuk kemerah dari Indonesia sekarang?
2341_audio08.wav,bagaimana proses visa Saudi untuk kemerah dari Indonesia sekarang?
2341_audio09(1).wav,Hau tepi pardokomen umrah dari Indonesia dengan benar
2341_audio09.wav,Hau tepi pardokomen umrah dari Indonesia dengan benar
2341_audio10(1).wav,"Menurut kamu, belajar bahasa Arab itu susah enggak untuk pemula."
2341_audio10.wav,"Menurut kamu, belajar bahasa Arab itu susah enggak untuk pemula."
2342_audio01.wav,Aku mau buka flight kecedah minggu depan bisa bantu schedule
2342_audio02.wav,Aku butuh travel umrah simpel tapi inkrut Medina Visit
2342_audio03.wav,Can you help aku reach transport dari Jeddah ke Madina tomorrow?
2342_audio04.wav,Explan step by step cara apply visa Saudi dengan benar.
2342_audio05.wav,"Ya akhirnya, uredua buku frai ilah jadah al-usbual kodim Hal bisa bantu ajida afdual schedule barih latin mubashirah"
2342_audio06.wav,"Uridu Range Transport Minjatah ilah Medina, Hoden"
2342_audio10.wav,Apa perbedaan umroh dan haj secara detail dalam Islam?
2342_audio11.wav,Kenapa fasting di Ramadan itu agib bagi muslim?
2342_audio14.wav,How to prepare Dokumen Umrah dari Indonesia dengan Benar
2342_audio19.wav,Ah Yanan saya bingung mulai dari mana untuk umroh.
2343_audio1.wav,Aku mahu buka fly kejada minggu depan. Bisa bantu schedule?
2343_audio12.wav,bagaimana proses visa Saudi untuk umrah dari Indonesia sekarang?
2343_audio14.wav,How to prepare dokumen umrah dari Indonesia dengan benar?
2343_audio16.wav,Guide aku cara pilih hotel di mekah dekat Haram dengan budget terbatas.
2343_audio18.wav,I will offer hand dengan persiapan umbra. Ada tips di derhana.
2343_audio2.wav,Aku butuh travel umrah simple tapi include Madina Visit
2343_audio3.wav,Bolehkah anda memberi saya kembali transport dari Jedah ke Bandinah esok?
2343_audio4.wav,Explain step by step cara apply visa Saudi dengan benar
2343_audio5.wav,"Ya ahli, Uri Dubuk flag ilah jadah usbong al-Qadim, hal bisa bantu Ajida Afdal skéjul warih latan musibaroh."
2343_audio6.wav,"Urdu Red Sunspot Minjeda Ilamadi, Nagodon"
2344_audio1.m4a.wav,Aku mau book flight kejada minggu depan. Bisa bantu schedule?
2344_audio10.m4a.wav,Apa perbedaan Umrah dan Hajj secara detil dalam Islam?
2344_audio13.wav,Jelaskan step by step cara booking flight kejudah secara online.
2344_audio17.wav,"Menurut kamu, belajar bahasa Arab itu susah gak untuk pemula?"
2344_audio2.m4a.wav,"Aku butuh travel umrah simpel, tapi inkrut Madina Visit."
2344_audio20.m4a.wav,"Translate ke English, aku mau pergi ke Mekah minggu depan."
2344_audio3.m4a.wav,Can you help aku arrange transport dari Jedah ke Madina tomorrow?
2344_audio4.wav,Explain step by step cara apply visa Saudi dengan benar.
2344_audio5.m4a.wav,"Ya Aki, Uri Dubuk Flag ilah jedah al-Uzbu'an Kadim. Hal bisa bantu Ajida Afdal schedule warih latan Mubashirah?"
2344_audio6.m4a.wav,Uri Du Arrange Transport Minjidah Ila Madina Gwadan
2345_audio01.wav,"Aku mau buk flight kejada minggu depan, bisa bantu schedule?"
2345_audio02.wav,Aku butuh travel umrah simpel tapi inget Medina Visit.
2345_audio03.wav,Can you help aku arrange transport dari Jedah ke Madinah Tumurau?
2345_audio04.wav,Explain step by step cara apply visa Saudi dengan benar.
2345_audio05.wav,"Ya, akhirnya, Uri Dubeu Ptei ilajib dah alus mual kodim. Hal bisa bantu Ajida Afdol schedule, wari lehtan Mubashiroh?"
2345_audio06.wav,"Uridu Range Transport Minjib Dah ilam Adina, Wadan"
2345_audio07.wav,"Book flight ke Juda lalu lanjut ke Madina, schedule terbaik kapan?"
2345_audio08.wav,Apa perbedaan umroh dan haji secara detail dalam Islam?
2345_audio09.wav,Kenapa fasting di Ramadhan itu wajib pergi muslim?
2345_audio10.wav,Bagaimana proses visa Saudi untuk umroh dari Indonesia sekarang?
2345_audio11.wav,Jelaskan step by step cara booking flight kejedah secara online
2345_audio12.wav,How to prepare dokumen umroh dari Indonesia dengan benar?
2345_audio13.wav,Tolong buat checklist persiapan umroh termasuk barang wajib dibawah.
2345_audio14.wav,"Menurut kamu, belajar bahasa Arab itu susah gak untuk pemula"
2345_audio15.wav,"Ahyaanan, saya bingung mulai dari mana untuk umrah."
2347_audio1.wav,"Aku mau buk fly kejejada minggu depan, bisa bantu schedule"
2347_audio11.wav,"Kenapa, fasting di Ramadan itu wajib bagi muslim?"
2347_audio14.wav,How to prepare dokumen umrah dari Indonesia dengan benar.
2347_audio17.wav,"Menurut kamu, belajar bahasa Arab itu susah nggak untuk pemula."
2347_audio2.wav,"Aku butuh travel umrah simple, tapi include Madina Visit."
2347_audio3.wav,Can you help aku arrange transport dari Jedah ke Madinah tomorrow?
2347_audio4.wav,Explain step by step cara apply visa Saudi dengan benar
2347_audio5.wav,"Ya ahli, urdu buk flyk ilah jedah al usbo al kadim Hal bisa bantu Ajida Afdal schedule warih latan Mubashirah"
2347_audio6.wav,"Uridu Range Transport Minjidah Ilhamadina, Godan"
2347_audio7.wav,"Book flight ke Jeddah lalu lanjut ke Madina, schedule terbaik kapan?"
2348_audio01.wav,aku mau buku flight kejadaan minggu depan bisa bantu schedule
2348_audio02.wav,Aku butuh travel umrah simple tapi inklud madina visit
2348_audio03.wav,Can you help aku arrange transport dari Jeddah ke Marina tomorrow?
2348_audio04.wav,Explain step by step cara apply visa Saudi dengan benar.
2348_audio05.wav,"Ya akhir, Uridu Book Flight Ilajir Dah Lus Bual Kodim, Hal Bisa Bantu Ajida Afdal Schedul Wari Helatan Mubashirah"
2348_audio06.wav,Uridu Arrange Transport Minjir Dah ilama Dina Hrwadan
2348_audio07.wav,Book flat ke Jeddah lalu lanjut ke Marina. Schedul terbaik kapan?
2348_audio12.wav,Bagaimana proses visa Saudi untuk umrah dari Indonesia sekarang?
2348_audio13.wav,Jelaskan step-by-step cara booking flight ke Jodah secara online.
2348_audio14.wav,How to prepare dokumen umroh dari Indonesia dengan benar?
2351_audio01.wav,Aku mau book flight kerja dah minggu depan. Bisa bantu schedule?
2351_audio02.wav,"Aku butuh tramvel umrah, simple, tapi inklud Medina Visit."
2351_audio03.wav,Can you help aku arrange transport dari Ceta ke Madina tomorrow?
2351_audio04.wav,Explain step by step cara apply visa Saudi dengan benar.
2351_audio05.wav,"ʻʻia ʻakri ʻulidw buq flayq ila jatta al-usbu'al qodim, Ḥal bisa bantu ajida afdol skadol warihlatan mubashirah."
2351_audio06.wav,Urdu Arang Transpond Minjeta ilah Madina Khodan
2351_audio07.wav,Bok Flight ke Jeddah lalu lanjut ke Madina. Schedul terbaik kapan?
2351_audio11.wav,Kenapa fasting Giramadan itu wajib bagi muslim?
2351_audio14.wav,How to prepare dokumen umrah dari Indonesia dengan benar
2351_audio16.wav,Guaid aku cara pilih hotel di Makkah dekat Haram dengan bacet terbatas.
2355_audio01.wav,Aku mau book flight ke jedah minggu depan bisa bantu schedule.
2355_audio02.wav,"Aku butuh travel umbra, simple, tapi include Madina Visit."
2355_audio03.wav,Can you help aku arrange transport dari Jedah ke Madina tomorrow?
2355_audio04.wav,Explan step by step cara apply visa Saudi dengan benar.
2355_audio05.wav,"Ia aqi, uridu buk flag ilajedah al-usbun al-qadim, hal bisa bantu Ajida Afdal schedule warih latan Mubashirah."
2355_audio06.wav,Uridu Rains Transport Minje Dah ila Madina Gadhan
2355_audio07.wav,Book flag kejada lalu lanjut ke Madina schedule terbaik kapan?
2355_audio10.wav,Apa perbedaan umbrah dan haji secara detail dalam Islam?
2355_audio13.wav,jelaskan step by step cara booking flag kejada secara online
2355_audio17.wav,"Menurut kamu, belajar bahasa Arab itu susah gak untuk pemula?"
2356_audio01.wav,"Aku mau book flight ke jedah minggu depan, bisa bantu schedule?"
2356_audio02.wav,Aku butuh travel umrah simpel tapi inklud madina visit.
2356_audio03.wav,Can you help aku arrange transport dari Jedah ke Madina Tomorou?
2356_audio04.wav,Explain step by step cara apply visa Saudi dengan benar.
2356_audio05.wav,"Ya ahri, uridu buk flag ilah jadah al-usbu al-qadim hal bisa bantu ajida Afdol skedul wari latan Mubashirah."
2356_audio06.wav,"Uridu Range Transport Minjedah ilah Madina, Eladan"
2356_audio10.wav,Apa perbedaan umrah dan haji secara detail dalam Islam?
2356_audio12.wav,bagaimana proses bisa Saudi untuk umrah dari Indonesia sekarang
2356_audio13.wav,jelaskan step by step cara booking flight ke jedah secara online
2356_audio17.wav,"Menurut kamu, belajar bahasa Arab itu susah ga untuk pemula"
2357_audio01.wav,"Aku mau buk fly kejedah minggu depan, bisa bantu schedule."
2357_audio02.wav,Aku butuh travel umroh simple tapi include Madina Visit.
2357_audio03.wav,Can you help aku range transport dari Jedah ke Madina tomorrow?
2357_audio04.wav,Explain step by step cara apply visa Saudi dengan benar.
2357_audio05.wav,"Ya kri, urdu buk flyk ilajet dah al usbu al-qardim, hal bisa bantu Ajida Afdol skejul wari laten Mubashiroh?"
2357_audio06.wav,Urdu Rage Transport Minjadah Ila Madinah Rodan
2357_audio07.wav,"Book flight ke Jeddah lalu lanjut ke Madina, schedule terbaik kapan?"
2357_audio12.wav,bagaimana proses visa Saudi untuk umroh dari Indonesia sekarang?
2357_audio15.wav,Tolong buat checklist persiapan umroh termasuk barang wajib di bawah.
2357_audio17.wav,"Menurut kamu, belajar bahasa Arab itu susah gak untuk pemula?"
2358_audio01.wav,Aku mahu boke flight ke jadah minggu depan. Bisa bantu schedule?
2358_audio02.wav,"Aku butuh travel umroh, simple, tapi include magina visit."
2358_audio03.wav,Can you help aku arrange transport dari cedar ke Madina tomorrow?
2358_audio04.wav,Explain step by step cara apply visa Saudi dengan benar.
2358_audio05.wav,"Ya Achi, Uri Dobuk Flag ilah jedah al-Uzbu al-Kadim. Hal bisa bantu aljidah Afdal schedule warih latan Mubashirah."
2358_audio06.wav,Uri du range transport minjet dah ilah Madina Gordon
2358_audio07.wav,Book flight ke Jeddah lalu lanjut ke Madina. Schedule terbaik kapan?
2358_audio15.wav,Tolong buat checklist persiapan umrah termasuk parang wajib di bawah.
2358_audio16.wav,Guide aku cara pilih hotel di Makkah dekat Haram dengan budget terbatas.
2358_audio17.wav,Menurut kamu belajar bahasa Arab itu susah gak untuk pemula
2359_audio1.wav,Aku mau book flight ke Jeddah minggu depan. Bisa bantu schedule?
2359_audio12.wav,Bagaimana proses pisah Saudi untuk umrah dari Indonesia sekarang?
2359_audio14.wav,How to prepare dokumen umrah dari Indonesia dengan benar.
2359_audio17.wav,Menurut kamu belajar bahasa harap itu susah ga untuk pemula?
2359_audio2.wav,Aku butuh travel umrah simple tapi include Madina visit.
2359_audio3.wav,Can you help aku arrange transport dari Jeddah ke Madina tomorrow?
2359_audio4.wav,Explain step by step cara apply visa Saudi dengan benar.
2359_audio5.wav,"Ya Aki, urdu buk flag ilajet dah al usb al qadim. Hal bisa bantu Ajida Afdal schedule warih latam mubas sirah?"
2359_audio6.wav,Uridu Arrange Transport Minjad Dah Ilah Madina Wadan
2359_audio7.wav,Book flight ke Jeddah lalu lanjut ke Madina. Schedul terbaik kapan?
2360_audio01.wav,Aku mau book flight ke jedah minggu depan. Bisa bantu schedule?
2360_audio02.wav,Aku butuh trafel umrah simpel tapi inklud Marina Visit.
2360_audio03.wav,Can you help aku arrange transport dari Jodah ke Madinah tomorrow?
2360_audio04.wav,Explain step by step cara apply visa Saudi dengan benar.
2360_audio05.wav,"Ya Aki, Uri du buk flag ilah jadah al-Usbual Al-Qadim. Hal bisa bantu adi daftar skedul wari helatan Mubashirah."
2360_audio06.wav,Uridu Arrange Transport Minjeda ilam Madina Gaudan
2360_audio07.wav,Bookfly kejudah lalu lanjut ke Madina. Schedul terbaik kapan?
2360_audio10.wav,Apa perbedaan Umrah dan Hajj secara detail dalam Islam?
2360_audio11.wav,Kenapa fasting di Ramadan itu wajib bagi muslim?
2360_audio14.wav,How to prepare dokumen umbroh dari Indonesia dengan benar
2362_audio01.wav,"Aku mau book flag kejada minggu depan, bisa bantu schedule?"
2362_audio02.wav,Aku butuh travel umrah simpel tapi inklud madina visit.
2362_audio03.wav,Can you help aku renc transport dari Jeddah ke Madina tomorrow?
2362_audio04.wav,Explan step by step cara apply visa Saudi dengan benar.
2362_audio05.wav,"Ya Aki, Uridu Buk Flag Ilah Jeddah al-Uzbu Al-Kadim. Hal bisa bantu Ajida Afdal schedule warih latan Mubashirah."
2362_audio06.wav,Urdu Rains Transport Minjita Ilam Madinah Gadan
2362_audio07.wav,"Book flight kejada lalu lanjar ke Manina, schedule terbaik kapan?"
2362_audio11.wav,Kenapa fasting di Ramadan itu wajib bagi muslim?
2362_audio15.wav,tolong buat checklist persiapan umrah termasuk barang wajib di bawah
2362_audio17.wav,Nurut kamu belajar bahasa Arab itu susah nggak untuk umum lah.
2362_audio20.wav,"Translate ke English, aku mau pergi ke Mekah yang berdepan"
2363_audio01.wav,Aku mau book flight ke Jedah yang kedepan. Bisa bantu schedule.
2363_audio02.wav,"Aku butuh travel umrah simple, tapi inklud madina visit."
2363_audio03.wav,Can you help aku arrange transport dari Jedah ke Madina tomorrow?
2363_audio04.wav,Explain step by step cara apply visa Saudi dengan benar.
2363_audio05.wav,"Ya akhir, urdu buk flag ilah jadah al-Ushbu al-Qidam Al-Bisa bantu Ajida Afdal schedule Warihalatan Mubashirah"
2363_audio06.wav,Uridu orange transport minjidah ilah Madina Gadan
2363_audio07.wav,"Book flag kejada, lanjut ke Madina, schedule terbaik kapan?"
2363_audio10.wav,Apa perbedaan Umroh dan Hajj secara detail dalam Islam?
2363_audio11.wav,Rapat fasting di Ramadan itu wajib bagi muslim.
2363_audio14.wav,atau to prepare dokumen umrah dari Indonesia dengan benar.
2364_audio01.wav,Aku mau book fly kejada minggu depan. Bisa bantu schedule?
2364_audio02.wav,Aku butuh travel umrah simple tapi include Madhuna Visik.
2364_audio03.wav,bisa bantu aku menghargai transport dari Jedah ke Madina esok?
2364_audio04.wav,Explain step by step cara apply visa Saudi dengan benar.
2364_audio05.wav,"Ya Aki, urdu book flight ilah jeddah al-Uzbu al-Kodim. Hal bisa bantu Ajida Afdal schedule warih latar Mubash Hiroh."
2364_audio06.wav,Uridu Range Transport Minjedah ilama Dina Gwadan
2364_audio12.wav,Bagaimana proses visa Saudi untuk umroh dari Indonesia sekarang?
2364_audio13.wav,jelaskan step by step cara booking flight ke Jeddah secara online
2364_audio14.wav,How to prepare Dokumen Umrah dari Indonesia dengan benar?
2364_audio17.wav,"Menurut kamu, belajar bahasa Arab itu susah gak untuk pemula?"
2366_audio01.wav,aku mau book flight kecedah minggu depan bisa bantu schedule
2366_audio02.wav,Aku butuh travel umrah simpel tapi inkut Medina Visit
2366_audio03.wav,Can you help aku arrange transport dari Jeddah ke Madinah tomorrow?
2366_audio04.wav,Explan step by step cara apply pisah Saudi dengan benar
2366_audio05.wav,"Ya akhirnya, Uridu Book Flight Ila Jadah al-Usbun al-Qadim Hal bisa bantu Ajida Afda schedule Warihalatan Mubashiroh"
2366_audio06.wav,Uredu Orange Transport Mencet dah ilama dinah kawadan
2366_audio07.wav,Bookslide kejuda lalu lanjut ke Madina. Schedul terbaik kapan?
2366_audio11.wav,Kenapa fasting di Ramadan itu wajib bagi muslim?
2366_audio13.wav,jelaskan step by step cara booking of flight ke Jeddah secara online
2366_audio15.wav,tolong buat checklist persiapan umbrah termasuk barang wajib di bawah
2367_audio1.wav,aku mau book flight kecederan minggu depan bisa bantu schedule?
2367_audio10.wav,Apa perbedaan umrah dan haj secara detail dalam Islam?
2367_audio13.wav,jelaskan step by step cara booking flight kejetjah secara online
2367_audio18.wav,I feel overwhelmed dengan persiapan umrah. Ada tip sederhana.
2367_audio2.wav,Aku butuh travel om raw simpel tapi inklud madina visit
2367_audio3.wav,Bisa bantu aku menghargai transport dari Jadid Dakembandina setelah esok?
2367_audio4.wav,Explain step by step cara apply visa Saudi dengan benar.
2367_audio5.wav,"Ya, akhirnya, beri dubuk flight ilah cedda al usbo al kadim. Hal bisa bantu ajida after schedule warih latan Mubashiroh?"
2367_audio6.wav,"Urdu Range Transport, mintitga ilmar Dina Kodan"
2367_audio7.wav,"Book flight ke jada, lalu lanjut ke Madina. Schedule terbaik kapan?"
2369_audio1.wav,"Mereka mahu bukti fly ke jadah minggu depan, bisa bantu schedule."
2369_audio10.wav,jelaskan step by step cara booking flight ke jendah secara online
2369_audio2.wav,Aku butuh travel umrah simple tapi include Madina Visit
2369_audio3.wav,Can you help aku arrange transport dari Jedah ke Madina tomorrow?
2369_audio4.wav,Explain step by step cara apply visa Saudi dengan benar.
2369_audio5.wav,"Ya Ake, Uridu Book Flight Ila Jeddah al-Uzbu al-Qadim. Hal bisa bantu Ajida Afdal schedule warih latan Mubashirah."
2369_audio6.wav,Uri dueran transport menjendah ilama dinah wadan.
2369_audio7.wav,"Book flight ke Jeddah lalu lanjut ke Madina, schedule terbaik kapan?"
2369_audio8.wav,Urdu schedule trip mean jeddah ilam makah bukro sabah
2369_audio9.wav,bagaimana proses via Saudi untuk umrah dari Indonesia sekarang?
2371_audio01.wav,Aku mau book flight ke Jedah minggu depan. Bisa bantu schedule?
2371_audio02.wav,Aku butuh travel umrah simple tapi include Madina Visit.
2371_audio03.wav,Can you help aku arrange transport dari Jedah ke Madina tomorrow?
2371_audio04.wav,Explain step by step cara apply visa Saudi dengan benar.
2371_audio05.wav,"Ya Aki, uridu bukflit ila jedah al-Usbu al-Qadim. Hal bisa bantu Ajida Afdal schedule warihan latan Mubashirah."
2371_audio06.wav,Uridu Range Transport Minje Dah Ila Madina Gadan
2371_audio07.wav,"Book flight ke Jeddah, lalu lanjut ke Madina, schedule terbaik kapan?"
2371_audio12.wav,Bagaimana proses visa Saudi untuk umbrah dari Indonesia sekarang?
2371_audio13.wav,jelaskan step by step cara booking flight ke jedah secara online
2371_audio17.wav,"Menurut kamu, belajar bahasa Arab itu susah gak untuk pemula."
2372_audio01.wav,"Aku mau buk flight kejada minggu depan, bisa bantu schedule."
2372_audio02.wav,Aku butuh travel umrah simple tapi include Medina Visit.
2372_audio03.wav,Bisa bantu aku menghargai transport dari Jedah ke Madina esok?
2372_audio04.wav,Explain step by step cara apply visa Saudi dengan benar
2372_audio05.wav,"Ya kri, urdu buk fly ilah jadah al-Ushbu al-Qadim. Hal bisa bantu ajada afdal schedule warh, katan Mubashirah."
2372_audio06.wav,Uridu Erinj Transport Minjeda Ilamah Dina Koden
2372_audio10.wav,Apa perbedaan umrah dan haji secara detail dalam Islam?
2372_audio11.wav,Kenapa fasting di Ramadan itu wajib bagi muslim?
2372_audio14.wav,Hau tepik dokument umrah dari Indonesia dengan benar.
2372_audio15.wav,tolong buat checklist persiapan ombrah termasuk barang wajib di bawah
2374_audio01.wav,"Aku mau buku flight ke jedah minggu depan, bisa bantu schedule?"
2374_audio02.wav,Aku butuh travel umrah simpel tapi inklud madina visit.
2374_audio03.wav,Bisa bantu aku menghormati transport dari Jeddah ke Madina Tomorrow?
2374_audio04.wav,Explain step by step cara upload visa Saudi dengan benar.
2374_audio05.wav,"Ya Akri, Kuri du book flight ilah cadah al-Usbu Al-Qadim. Hal bisa bantu Ajida Afdol schedule wari helatan nubashirah?"
2374_audio06.wav,Uridu uris transport menjadah ilama Dina Hwadan.
2374_audio11.wav,Kenapa fasting di Ramadhan itu wajib bagi muslim?
2374_audio13.wav,jelaskan step by step cara booking flight ke JEDDA secara online
2374_audio15.wav,Tolong buat checklist persiapan umrah termasuk barang wajib di bawah.
2374_audio17.wav,"Menurut kamu, belajar bahasa Arab itu susah gak untuk pemula?"
2375_audio01.wav,Aku mau buk flight gecedah minggu depan bisa bantu schedule
2375_audio02.wav,"Aku butuh travel umrah, simple, tapi inklud madina fisit."
2375_audio03.wav,Can you help aku arrange transport dari Jedah ke Madina tomorrow?
2375_audio04.wav,Explain step by step cara apply visa Saudi dengan benar.
2375_audio05.wav,"Ya ahi, uridu buk flight ilah jedah al usbung al kodim Hal bisa bantu ajidah aftol schedule warih latan mubashiro"
2375_audio06.wav,Uri du arrange transport minjeda ilah Madina Khodan
2375_audio08.wav,Uri dus schedule trip dari Jedah ke Makkah besok pagi
2375_audio11.wav,Kenapa fasting di Ramadhan itu wajib bagi muslim?
2375_audio15.wav,Tolong buat checklist persiapan umrah termasuk barang wajib di bawah.
2375_audio18.wav,I feel overwhelmed with the preparation of the umrah. Do you have any advice?
2379_audio01.wav,Aku mau bok fly ke jedah minggu depan. Bisa bantu schedule?
2379_audio02.wav,Aku butuh travel umrah simple tapi inkut madina fisik
2379_audio03.wav,Can you help aku arrange transport dari Jedah ke Madina tomorrow?
2379_audio04.wav,Explan step by step cara apply visa Saudi dengan benar
2379_audio05.wav,"Ya ahi, urdu buk fly ilah Jeddah al-Usbu al-Kadim hal bisa bantu Ajeda Afdal schedule, wari leatan Mubashirah"
2379_audio06.wav,Uri 2 Arrange Transport Minjada Ila Madi Nagadan
2379_audio07.wav,"Book flight ke Jeddah lalu lanjut ke Madina, schedule terbaik kapan?"
2379_audio12.wav,Bagaimana proses visa Saudi untuk umrah dari Indonesia sekarang?
2379_audio15.wav,tolong buat checklist persiapan umrah termasuk barang wajib di bawah
2379_audio18.wav,I feel overwhelmed dengan persiapan umbo. Ada tips sederhana?
